{"mean_volume": 481.1338680713402, "std_volume": 528.0362175691819}